name,designation,company,address,city,phone,fax,email,website,product,state,credit rating,rating agency,report year,annual revenue (cr),net profit (cr),debt-to-equity ratio,ebitda margin (%),production capacity (mt),source url,about,cin,listed on stock exchange,company status,roc,registration number,company category,company sub category,class of company,date of incorporation,age of company,NIC Code,NIC Description,number of members,zauba url,active_nclt_cases,nclt_status
FERRO ALLOYS CORPORATION LIMITED,CEO,Ferro Alloys Corporation Limited,"GD-2/10, Chandrasekharpur, Dist. Khurda, Bhubaneswar 751023, Odisha",Odisha,+91 8953004025,,Pankajkumar.sharma@vedanta.co.in,http://www.facorgroup.in,Ferro Chrome Charge Chrome,Odisha,CRISIL AA-,CRISIL,2024,809,Data Not Found,0.1,14.2,140000,https://www.crisil.com/mnt/winshare/Ratings/RatingList/RatingDocs/FerroAlloysCorporationLimited_June%2020_%202024_RR_346247.html; https://www.icra.in/Rating/GetRationalReportFilePdf?id=110938; https://www.careratings.com/upload/CompanyFiles/PR/24082022061212_M._M._Ceramics_and_Ferro_Alloys.pdf,"FERRO ALLOYS CORPORATION LIMITED(CIN: U45201OR1955PLC008400) is a Public company incorporated on 27 Dec 1955. It is classified as Non-government company and is registered at Registrar of Companies, Cuttack. Its authorized share capital is Rs. 4800000000.00 and its paid up capital is Rs. 340000000.00.FERRO ALLOYS CORPORATION LIMITED's Annual General Meeting (AGM) was last held on 30 Dec 2023. and as per records from Ministry of Corporate Affairs (MCA), its balance sheet was last filed on 2023-03-31.FERRO ALLOYS CORPORATION LIMITED's NIC code is 4520 (which is part of its CIN). As per the NIC code, it is inolved in Building of complete constructions or parts thereof; civil engineering.Directors of FERRO ALLOYS CORPORATION LIMITED are NARAYANASWAMY ALAMPALLAM RAMAKRISHNAN, AKHILESH  JOSHI, KARAN KUMAR KEJRIWAL, AGNIVESH  AGARWAL, SAMBIT KUMAR SARANGI, PANKAJ KUMAR SHARMA, PALLAVI JOSHI BAKHRU, ARUN  MISRA, and PANKAJ KUMAR SHARMA.FERRO ALLOYS CORPORATION LIMITED's Corporate Identification Number (CIN) is U45201OR1955PLC008400 and its registration number is 8400. Users may contact FERRO ALLOYS CORPORATION LIMITED on its Email address - sambit.sarangi@vedanta.co.in. Registered address of FERRO ALLOYS CORPORATION LIMITED is D P NAGAR RANDIA BHADRAK   , ORISSA, Orissa, India - 756135.Current status of FERRO ALLOYS CORPORATION LIMITED is - Active.",U45201OR1955PLC008400,Unlisted,Active,Cuttack,8400,Company limited by shares,Non-government company,Public,27-09-1955,"69 years, 5 months, 16 days",4520,Building of complete constructions or parts thereof; civil engineering,Data not available,https://www.zaubacorp.com/company/FERRO-ALLOYS-CORPORATION-LIMITED/U45201OR1955PLC008400,1,Active
TATA STEEL LIMITED,Chief  Marketing & Sales - FAMD,Tata Steel Limited,"Tata Centre, 43, Jawaharlal Nehru Road Kolkata 700 071",Kolkata,033-22884861,033-22884861,santony@tatasteel.com,http://www.tatasteel.com,Ferro Manganese Silico Manganese Ferro Chrome,West Bengal,CARE AA+,CARE,2025,Data Not Found,Data Not Found,Data Not Found,Data Not Found,5,https://www.careratings.com/upload/CompanyFiles/PR/202506120617_Tata_Steel_Limited.pdf; https://www.icra.in/Rating/GetRationalReportFilePdf?id=136106; https://www.indiaratings.co.in/rating-details/2/75035,"TATA STEEL LIMITED(CIN: L27100MH1907PLC000260) is a Public company incorporated on 26 Dec 1907. It is classified as Non-government company and is registered at Registrar of Companies, Mumbai. Its authorized share capital is Rs. 312250000000.00 and its paid up capital is Rs. 12483531541.00.TATA STEEL LIMITED's Annual General Meeting (AGM) was last held on 05 Dec 2023. and as per records from Ministry of Corporate Affairs (MCA), its balance sheet was last filed on 2023-03-31.TATA STEEL LIMITED's NIC code is 271 (which is part of its CIN). As per the NIC code, it is inolved in Manufacture of Basic Iron & Steel.Directors of TATA STEEL LIMITED are SHEKHAR CHINTAMANI MANDE, FARIDA  KHAMBATA, BHARTI GUPTA RAMOLA, VIJAY KUMAR SHARMA, DEEPAK  KAPOOR, PARVATHEESAM  KANCHINADHAM, KOUSHIK  CHATTERJEE, KOUSHIK  CHATTERJEE, NOEL NAVAL TATA, NARENDRAN VISWANATH THACHAT, CHANDRASEKARAN  NATARAJAN, and SAURABH MAHESH AGRAWAL.TATA STEEL LIMITED's Corporate Identification Number (CIN) is L27100MH1907PLC000260 and its registration number is 260. Users may contact TATA STEEL LIMITED on its Email address - cosec@tatasteel.com. Registered address of TATA STEEL LIMITED is BOMBAY HOUSE, 24-HOMI MODY STREET, FORT,   , MUMBAI, Maharashtra, India - 400001.Current status of TATA STEEL LIMITED is - Active.",L27100MH1907PLC000260,Listed,Active,Mumbai,260,Company limited by shares,Non-government company,Public,26-08-1907,"117 years, 6 months, 17 days",271,Manufacture of Basic Iron & Steel,Data not available,https://www.zaubacorp.com/company/TATA-STEEL-LIMITED/L27100MH1907PLC000260,3,Active
ABHIJEET FERROTECH LIMITED,Chairman & Managing Director,Abhijeet Ferrotech Limited,"No.50 & 51, A.P.S.E.Z, P.O. Atchutapuram, Vishakapatnam 531011, Andhra Pradesh",Atchutapuram,,033-30577400,,http://www.abhijeet.in,Ferro Manganese Silico Manganese,Andhra Pradesh,IND D(suspended),India,2016,Data Not Found,Data Not Found,Data Not Found,Data Not Found,Data Not Found,https://www.indiaratings.co.in/PressRelease?pressReleaseID=23507; https://www.careratings.com/search?Id=oxvolCYOltn6nNUiQJZH3g==,"ABHIJEET FERROTECH LIMITED(CIN: U52322WB1996PLC076509) is a Public company incorporated on 10 Dec 1996. It is classified as Non-government company and is registered at Registrar of Companies, Kolkata. Its authorized share capital is Rs. 850000000.00 and its paid up capital is Rs. 454481250.00.ABHIJEET FERROTECH LIMITED's Annual General Meeting (AGM) was last held on 28 Dec 2017. and as per records from Ministry of Corporate Affairs (MCA), its balance sheet was last filed on 2017-03-31.ABHIJEET FERROTECH LIMITED's NIC code is 5232 (which is part of its CIN). As per the NIC code, it is inolved in Retail sale of textiles, clothing, footwear and leather goods [including travel accessories].Directors of ABHIJEET FERROTECH LIMITED are ROHIT ASHOK JAISWAL, MANOJ KUMAR JAYASWAL, and RAJESH  JAYASWAL.ABHIJEET FERROTECH LIMITED's Corporate Identification Number (CIN) is U52322WB1996PLC076509 and its registration number is 76509. Users may contact ABHIJEET FERROTECH LIMITED on its Email address - mcainfo@abhijeet.in. Registered address of ABHIJEET FERROTECH LIMITED is FE-83, SECTOR - III SALT LAKE CITY, GROUND FLOOR   , KOLKATA, West Bengal, India - 700106.Current status of ABHIJEET FERROTECH LIMITED is - Active.",U52322WB1996PLC076509,Unlisted,Active,Kolkata,76509,Company limited by shares,Non-government company,Public,10-01-1996,"29 years, 2 months, 3 days",5232,Retail sale of textiles  clothing  footwear and leather goods [including travel accessories],Data not available,https://www.zaubacorp.com/ABHIJEET-FERROTECH-LIMITED-U52322WB1996PLC076509,2,Active
BALASORE ALLOYS LIMITED,Managing Director,Balasore Alloys Limited,"Park Plaza, 71, Park Street Kolkata 700 016.",Kolkata,033-4029 7000,033-2229 5693,arun.jain@balasorealloys.com,http://www.balasorealloys.com,Ferro Chrome Charge Chrome,West Bengal,CARE D,CARE ,2024,1122.9,-9.27,1.11,Data Not Found,145000,https://www.careratings.com/upload/CompanyFiles/PR/202410121002_Balasore_Alloys_Limited.pdf,"BALASORE ALLOYS LIMITED(CIN: L27101OR1984PLC001354) is a Public company incorporated on 31 Dec 1984. It is classified as Non-government company and is registered at Registrar of Companies, Cuttack. Its authorized share capital is Rs. 1000000000.00 and its paid up capital is Rs. 466627000.00.BALASORE ALLOYS LIMITED's Annual General Meeting (AGM) was last held on 31 Dec 2023. and as per records from Ministry of Corporate Affairs (MCA), its balance sheet was last filed on 2023-03-31.BALASORE ALLOYS LIMITED's NIC code is 271 (which is part of its CIN). As per the NIC code, it is inolved in Manufacture of Basic Iron & Steel.Directors of BALASORE ALLOYS LIMITED are RAMEN  RAY MANDAL, SHWETA  JAIN, CHIKALI  NAGARAJU, PANKAJ KUMAR AGARWAL, RAJIB  DAS, SHIV KUMAR DABRIWALA, PRAVAKAR  MOHANTY, PARAMESH  BHATTACHARYA, and DEBASISH  GANGULY.BALASORE ALLOYS LIMITED's Corporate Identification Number (CIN) is L27101OR1984PLC001354 and its registration number is 1354. Users may contact BALASORE ALLOYS LIMITED on its Email address - investorshelpline@balasorealloys.com. Registered address of BALASORE ALLOYS LIMITED is BALGOPALPUR BALASORE   , BALASORE, Orissa, India - 756020.Current status of BALASORE ALLOYS LIMITED is - Active.",L27101OR1984PLC001354,Listed,Active,Cuttack,1354,Company limited by shares,Non-government company,Public,31-05-1984,"40 years, 9 months, 12 days",271,Manufacture of Basic Iron & Steel,Data not available,https://www.zaubacorp.com/company/BALASORE-ALLOYS-LIMITED/L27101OR1984PLC001354,3,Active
BERRY ALLOYS LIMITED,Managing Director,Berry Alloys Limited,"Plot No.368, APIIDC Growth Centre, Bobbilli, Dist. Vijayanagaram, Andhra Pradesh",Vijayanagaram,"08944-247001/2/3, 0891 2514800",0891 2514900,"vijay@berryalloys.in,ea.md@berryalloys.in,exports@berryalloys.in",http://www.berryalloys.in,"Ferro Manganese, Silico Manganese",Andhra Pradesh,CRISIL BB+/Stable,CRISIL,2022,527.43,39.92,0.07,Data Not Found,Data Not Found,"https://www.crisil.com/mnt/winshare/Ratings/RatingList/RatingDocs/BerryAlloysLimited_June%2023,%202022_RR_296532.html; https://www.icra.in/Rating/ShowRationalReportFilePdf/134434","BERRY ALLOYS LIMITED(CIN: U27310WB2006PLC145016) is a Public company incorporated on 29 Dec 2006. It is classified as Non-government company and is registered at Registrar of Companies, Kolkata. Its authorized share capital is Rs. 100000000.00 and its paid up capital is Rs. 92825640.00.BERRY ALLOYS LIMITED's Annual General Meeting (AGM) was last held on 30 Dec 2023. and as per records from Ministry of Corporate Affairs (MCA), its balance sheet was last filed on 2023-03-31.BERRY ALLOYS LIMITED's NIC code is 2731 (which is part of its CIN). As per the NIC code, it is inolved in Casting of iron and steel.Directors of BERRY ALLOYS LIMITED are DALJEET  KAUR, JAYBINDRA  THAKUR, SUBHOMOY  DAS, VIJAY  GUPTA, and NAVNEET  AGRAWAL.BERRY ALLOYS LIMITED's Corporate Identification Number (CIN) is U27310WB2006PLC145016 and its registration number is 145016. Users may contact BERRY ALLOYS LIMITED on its Email address - cs@berryalloys.in. Registered address of BERRY ALLOYS LIMITED is FLAT NO. 5 B, 5th FLOOR 21 A, SHAKESPEARE SARANI   , KOLKATA, West Bengal, India - 700017.Current status of BERRY ALLOYS LIMITED is - Active.",U27310WB2006PLC145016,Unlisted,Active,Kolkata,145016,Company limited by shares,Non-government company,Public,29-09-2006,"18 years, 5 months, 14 days",2731,Casting of iron and steel,Data not available,https://www.zaubacorp.com/company/BERRY-ALLOYS-LIMITED/U27310WB2006PLC145016,0,No Active Cases
BIHAR FOUNDRY & CASTINGS LIMITED,Director,Bihar Foundry And Castings Limited,"Survey Plot No.1405, Industrial Area Road, Marar, Ramgarh, Jharkhand 829117",Jharkhand ,0651-2202699,0651-2202799,,,"Silico Manganese, Ferro Manganese",Jharkhand,CRISIL D,CRISIL,2017,346.09,-4.41,2.14,Data Not Found,Data Not Found,https://www.crisil.com/mnt/winshare/Ratings/RatingList/RatingDocs/Bihar_Foundry_and_Castings_Limited_November_27_2017_RR.html,"BIHAR FOUNDRY & CASTINGS LIMITED(CIN: U27100JH1971PLC000912) is a Public company incorporated on 11 Dec 1971. It is classified as Non-government company and is registered at Registrar of Companies, Jharkhand. Its authorized share capital is Rs. 99900000.00 and its paid up capital is Rs. 90975000.00.BIHAR FOUNDRY & CASTINGS LIMITED's Annual General Meeting (AGM) was last held on 30 Dec 2023. and as per records from Ministry of Corporate Affairs (MCA), its balance sheet was last filed on 2023-03-31.BIHAR FOUNDRY & CASTINGS LIMITED's NIC code is 271 (which is part of its CIN). As per the NIC code, it is inolved in Manufacture of Basic Iron & Steel.Directors of BIHAR FOUNDRY & CASTINGS LIMITED are HARI KRISHNA BUDHIA, ANUJ  KUMAR, GAURAV  BUDHIA, VANIKA  LATH, HARI BABU SHUKLA, and GAURAV  BUDHIA.BIHAR FOUNDRY & CASTINGS LIMITED's Corporate Identification Number (CIN) is U27100JH1971PLC000912 and its registration number is 912. Users may contact BIHAR FOUNDRY & CASTINGS LIMITED on its Email address - bfclgfa@gmail.com. Registered address of BIHAR FOUNDRY & CASTINGS LIMITED is MAIN ROAD,   , RANCHI, Jharkhand, India - 834001.Current status of BIHAR FOUNDRY & CASTINGS LIMITED is - Active.",U27100JH1971PLC000912,Unlisted,Active,Jharkhand,912,Company limited by shares,Non-government company,Public,11-11-1971,"53 years, 4 months, 2 days",271,Manufacture of Basic Iron & Steel,Data not available,https://www.zaubacorp.com/company/BIHAR-FOUNDRY-CASTINGS-LIMITED/U27100JH1971PLC000912,0,No Active Cases
Mr. Sanjay Kumar Gajbhiye,Executive Director,Chandrapur Ferro Alloy Plant Limited,"Steel Authority of India Ltd,  Mul Road, Chandrapur 442401, Maharashtra",Chandrapur,"0788 278000/01/,9407980290",,"skgajbhiye1@sail.in,ed.sailcfp@sail.in",https://www.sail.co.in/,"Silico Manganese, Ferro Manganese.",Maharashtra,CRISIL B-,CRISIL,2022,49.49,5.6,0.37,Data Not Found,Data Not Found,"https://www.crisil.com/mnt/winshare/Ratings/RatingList/RatingDocs/TimesFerroAlloysPrivateLimited_April%2028,%202022_RR_291558.html; https://www.icra.in/Rating/GetRationalReportFilePdf?Id=129764; https://www.careratings.com/upload/CompanyFiles/PR/202304140406_Chemicals_and_Ferro_Alloys_Private_Limited.pdf",,,,,,,,,,,,,,Data not available,,0,No Active Cases
FACOR ALLOYS LIMITED,Executive Director,Facor Alloys Limited,Shreeramnagar - 535 101 Dist. Vizianagaram AP.,Vizianagaram,9764611777,,ashishrvr@gmail.com,http://www.falgroup.in/,HC Ferro Chrome,Andhra Pradesh,CRISIL AA,CRISIL,2023,563,-50.29,Data Not Found,20,75,"https://www.crisil.com/mnt/winshare/Ratings/RatingList/RatingDocs/FerroAlloysCorporationLimited_March%2028,%202023_RR_314669.html; https://www.icra.in/Rating/GetRationalReportFilePdf?id=110938; https://www.careratings.com/upload/CompanyFiles/PR/202309150914_Facor_Power_Limited.pdf","FACOR ALLOYS LIMITED(CIN: L27101AP2004PLC043252) is a Public company incorporated on 14 Dec 2004. It is classified as Non-government company and is registered at Registrar of Companies, Vijayawada. Its authorized share capital is Rs. 750000000.00 and its paid up capital is Rs. 195547355.00.FACOR ALLOYS LIMITED's Annual General Meeting (AGM) was last held on 28 Dec 2023. and as per records from Ministry of Corporate Affairs (MCA), its balance sheet was last filed on 2023-03-31.FACOR ALLOYS LIMITED's NIC code is 271 (which is part of its CIN). As per the NIC code, it is inolved in Manufacture of Basic Iron & Steel.Directors of FACOR ALLOYS LIMITED are MANOJKUMAR UMASHANKAR SARAF, PIYUSH  AGARWAL, MAHENDRA BHAWANJI THAKER, ASHISH SANTOSH AGRAWAL, ANAND SADASHIV KAPRE, GAURAV VINOD SARAF, VIJAY  VASHISTH, URMILA  GUPTA, and MURLIDHAR DURGAPRASADJI SARAF.FACOR ALLOYS LIMITED's Corporate Identification Number (CIN) is L27101AP2004PLC043252 and its registration number is 43252. Users may contact FACOR ALLOYS LIMITED on its Email address - corpoffice@falgroup.in. Registered address of FACOR ALLOYS LIMITED is SHREERAMNAGAR P.O. GARIVIDI   , VIZIANAGARAM, Andhra Pradesh, India - 535101.Current status of FACOR ALLOYS LIMITED is - Active.",L27101AP2004PLC043252,Listed,Active,Vijayawada,43252,Company limited by shares,Non-government company,Public,14-05-2004,"20 years, 9 months, 29 days",271,Manufacture of Basic Iron & Steel,Data not available,https://www.zaubacorp.com/FACOR-ALLOYS-LIMITED-L27101AP2004PLC043252,0,No Active Cases
INDIAN METALS AND FERRO ALLOYS LTD.,Managing Director,Indian Metals And Ferro Alloys Limited,"Bomikhal, P.O. Rasulgarh Bhubaneswar 751 010.",Rasulgarh,0674-2580100 / 2580125,0674-2580020 / 2580145,"communication@imfa.in,dkmohanty@imfa.in,sgupta@imfa.in",http://www.imfa.in,Ferro Silicon Ferro Chrome Charge Chrome,Bhubaneswar,Data Not Found,Data Not Found,Data Not Found,Data Not Found,Data Not Found,Data Not Found,Data Not Found,Data Not Found,https://www.icra.in/Rating/GetRationalReportFilePdf?Id=129764,"INDIAN METALS AND FERRO ALLOYS LTD.(CIN: L27101OR1961PLC000428) is a Public company incorporated on 20 Dec 1961. It is classified as Non-government company and is registered at Registrar of Companies, Cuttack. Its authorized share capital is Rs. 635000000.00 and its paid up capital is Rs. 539541060.00.INDIAN METALS AND FERRO ALLOYS LTD.'s Annual General Meeting (AGM) was last held on 26 Dec 2023. and as per records from Ministry of Corporate Affairs (MCA), its balance sheet was last filed on 2023-03-31.INDIAN METALS AND FERRO ALLOYS LTD.'s NIC code is 271 (which is part of its CIN). As per the NIC code, it is inolved in Manufacture of Basic Iron & Steel.Directors of INDIAN METALS AND FERRO ALLOYS LTD. are BIJOY KUMAR DAS, NALINI RANJAN MOHANTY, BARADA KANTA MISHRA, CHITTA RANJAN RAY, BAIJAYANT  PANDA, STEFAN GEORG AMREIN, SUBHRAKANT  PANDA, LATHA  RAVINDRAN, and PREM  KHANDELWAL.INDIAN METALS AND FERRO ALLOYS LTD.'s Corporate Identification Number (CIN) is L27101OR1961PLC000428 and its registration number is 428. Users may contact INDIAN METALS AND FERRO ALLOYS LTD. on its Email address - secretarial@imfa.in. Registered address of INDIAN METALS AND FERRO ALLOYS LTD. is IMFA BUILDING BOMIKHAL RASULGARH   , BHUBANESWAR, Orissa, India - 751010.Current status of INDIAN METALS AND FERRO ALLOYS LTD. is - Active.",L27101OR1961PLC000428,Listed,Active,Cuttack,428,Company limited by shares,Non-government company,Public,20-11-1961,"63 years, 3 months, 23 days",271,Manufacture of Basic Iron & Steel,Data not available,https://www.zaubacorp.com/company-update/INDIAN-METALS-AND-FERRO-ALLOYS-LTD/L27101OR1961PLC000428,0,No Active Cases
JAI BALAJI INDUSTRIES LIMITED,Director,Jai Balaji Group Limited,"5, Bentinck Street Kolkata 700 001.",Kolkata,033-22489808 / 8173,033-22430021 / 22426263,"pawan@jaibalajigroup.com,info@jaibalajiigroup.com",http://www.jaibalajigroup.com,Ferro Manganese Silico Manganese Ferro Silicon Ferro Chrome,West Bengal,CRISIL BBB-/Stable,CRISIL,2024,6125,57.83,1.55,14.57,3,"https://www.crisil.com/mnt/winshare/Ratings/RatingList/RatingDocs/JaiBalajiIndustriesLimited_January%2031,%202024_RR_335191.html; https://www.careratings.com/upload/CompanyFiles/PR/202308140829_Jai_Balaji_Jyoti_Steels_Limited.pdf","JAI BALAJI INDUSTRIES LIMITED(CIN: L27102WB1999PLC089755) is a Public company incorporated on 01 Dec 1999. It is classified as Non-government company and is registered at Registrar of Companies, Kolkata. Its authorized share capital is Rs. 1890000000.00 and its paid up capital is Rs. 1774502860.00.JAI BALAJI INDUSTRIES LIMITED's Annual General Meeting (AGM) was last held on 21 Dec 2023. and as per records from Ministry of Corporate Affairs (MCA), its balance sheet was last filed on 2023-03-31.JAI BALAJI INDUSTRIES LIMITED's NIC code is 271 (which is part of its CIN). As per the NIC code, it is inolved in Manufacture of Basic Iron & Steel.Directors of JAI BALAJI INDUSTRIES LIMITED are SWATI  BAJAJ, GAURAV  JAJODIA, ADITYA  JAJODIA, SANJIV  JAJODIA, RAKHI  BAJORIA, SANJIV  JAJODIA, ASHIM KUMAR MUKHERJEE, AJAY KUMAR TANTIA, RAJIV  JAJODIA, BIMAL KUMAR CHOUDHARY, RAJ KUMAR SHARMA, SEEMA  CHOWDHURY, and MAMTA  JAIN.JAI BALAJI INDUSTRIES LIMITED's Corporate Identification Number (CIN) is L27102WB1999PLC089755 and its registration number is 89755. Users may contact JAI BALAJI INDUSTRIES LIMITED on its Email address - atantia@jaibalajigroup.com. Registered address of JAI BALAJI INDUSTRIES LIMITED is 5, BENTINCK STREET   , KOLKATA, West Bengal, India - 700001.Current status of JAI BALAJI INDUSTRIES LIMITED is - Active.",L27102WB1999PLC089755,Listed,Active,Kolkata,89755,Company limited by shares,Non-government company,Public,01-07-1999,"25 years, 8 months, 12 days",271,Manufacture of Basic Iron & Steel,Data not available,https://www.zaubacorp.com/company/JAI-BALAJI-INDUSTRIES-LIMITED/L27102WB1999PLC089755,1,Active
MAITHAN ALLOYS LTD.,Director,Maithan Alloys Limited,"4th Floor, Ideal Centre 9, A.J.C. Bose Road Kolkata 700 017. WB",Kolkata,033 64502229,033 22900383,"office@maithanalloys.com,kolkata@maithanalloys.com",http://www.maithanalloys.com,,West Bengal,CRISIL AA,CRISIL,2024,1751,349,0.01,8,329400,https://www.crisil.com/mnt/winshare/Ratings/RatingList/RatingDocs/MaithanAlloysLimited_June%2027_%202024_RR_344229.html; https://www.careratings.com/upload/CompanyFiles/PR/202401120157_Maithan_Alloys_Limited.pdf,"MAITHAN ALLOYS LTD.(CIN: L27101WB1985PLC039503) is a Public company incorporated on 19 Dec 1985. It is classified as Non-government company and is registered at Registrar of Companies, Kolkata. Its authorized share capital is Rs. 1676900000.00 and its paid up capital is Rs. 291115500.00.MAITHAN ALLOYS LTD.'s Annual General Meeting (AGM) was last held on 26 Dec 2023. and as per records from Ministry of Corporate Affairs (MCA), its balance sheet was last filed on 2023-03-31.MAITHAN ALLOYS LTD.'s NIC code is 271 (which is part of its CIN). As per the NIC code, it is inolved in Manufacture of Basic Iron & Steel.Directors of MAITHAN ALLOYS LTD. are NARESH KUMAR JAIN, SRINIVAS  PEDDI, SUBHAS CHANDRA AGARWALLA, VIVEK  KAUL, NAND KISHORE AGARWAL, PALGHAT  VENKATRAMANI, SONAL  CHOUBEY, and SUBODH  AGARWALLA.MAITHAN ALLOYS LTD.'s Corporate Identification Number (CIN) is L27101WB1985PLC039503 and its registration number is 39503. Users may contact MAITHAN ALLOYS LTD. on its Email address - office@maithanalloys.com. Registered address of MAITHAN ALLOYS LTD. is 4th Floor 9, A J C Bose Road   , Kolkata, West Bengal, India - 700017.Current status of MAITHAN ALLOYS LTD. is - Active.",L27101WB1985PLC039503,Listed,Active,Kolkata,39503,Company limited by shares,Non-government company,Public,19-09-1985,"40 years, 0 months, 11 days",271,Manufacture of Basic Iron & Steel,Data not available,https://www.zaubacorp.com/MAITHAN-ALLOYS-LTD-L27101WB1985PLC039503,0,No Active Cases
NAVA LIMITED,Chairman,Nava Bharat Ventures Limited,"Nava Bharat Chambers, 6-3-1109/1, Raj Bhavan Road, Hyderabad – 500 082",Hyderabad,"040-23607930, 67283333",040-23607923,sales.hyd@nbv.in,http://www.nbventures.com,Ferro Manganese Ferro Chrome Silico Manganese,Telangana�,CRISIL A+/Stable,CRISIL,2017,949,Data Not Found,0.36,13,200000,https://www.crisil.com/mnt/winshare/Ratings/RatingList/RatingDocs/Nava_Bharat_Ventures_Limited_October_31_2017_RR.html; https://www.careratings.com/upload/CompanyFiles/PR/29032022080205_Nava_Bharat_Energy_India_Limited.pdf,"NAVA LIMITED(CIN: L27101TG1972PLC001549) is a Public company incorporated on 07 Dec 1972. It is classified as Non-government company and is registered at Registrar of Companies, Hyderabad. Its authorized share capital is Rs. 500000000.00 and its paid up capital is Rs. 290201276.00.NAVA LIMITED's Annual General Meeting (AGM) was last held on 04 Dec 2023. and as per records from Ministry of Corporate Affairs (MCA), its balance sheet was last filed on 2023-03-31.NAVA LIMITED's NIC code is 271 (which is part of its CIN). As per the NIC code, it is inolved in Manufacture of Basic Iron & Steel.Directors of NAVA LIMITED are SHANTI SREE  BOLLENI, DURGA PRASAD KODE, ASHWIN  DEVINENI, PRASAD RAMAKRISHNA GORTHI, INDRA KUMAR  ALLURI, GURURAJ PANDURANG KUNDARGI, PINNAMANENI TRIVIKRAMA PRASAD, ASHOK  DEVINENI, ASHWIN  DEVINENI, SATYANARAYANA RAJU VEGESINA, and SULTAN AMIR BAIG.NAVA LIMITED's Corporate Identification Number (CIN) is L27101TG1972PLC001549 and its registration number is 1549. Users may contact NAVA LIMITED on its Email address - investorservices@navalimited.com. Registered address of NAVA LIMITED is NAVABHARAT CHAMBERS, 6-3-1109/1 RAJBHAVAN ROAD, HYDERABAD,   , NA, Telangana, India - 500082.Current status of NAVA LIMITED is - Active.",L27101TG1972PLC001549,Listed,Active,Hyderabad,1549,Company limited by shares,Non-government company,Public,07-11-1972,"52 years, 4 months, 6 days",271,Manufacture of Basic Iron & Steel,Data not available,https://www.zaubacorp.com/company/NAVA-BHARAT-VENTURES-LIMITED/L27101TG1972PLC001549,0,No Active Cases
RUNGTA SONS PVT LTD,Director,Rungta Sons Private Limited,"8A, Express Tower, 42A, Shakespeare Sarani, Kolkata 700017, West Bengal",Kolkata,033-22816580,033-22815380,"sales@rungtasons.com,fad.dkl@rungtasons.com",,"Ferro Manganese, Silico Manganese",West Bengal,CRISIL BB+/Stable,CRISIL,2021,110.93,3.56,0.72,5.5,400,"https://www.crisil.com/mnt/winshare/Ratings/RatingList/RatingDocs/RungtaIndustriesPrivateLimited_November%2018,%202021_RR_281904.html; https://www.icra.in/Rating/GetRationalReportFilePdf?id=134615; https://www.indiaratings.co.in/PressRelease?pressReleaseID=56640","RUNGTA SONS PVT LTD(CIN: U02005WB1943PTC011231) is a Private company incorporated on 04 Dec 1943. It is classified as Non-government company and is registered at Registrar of Companies, Kolkata. Its authorized share capital is Rs. 500000000.00 and its paid up capital is Rs. 245754000.00.RUNGTA SONS PVT LTD's Annual General Meeting (AGM) was last held on 26 Dec 2023. and as per records from Ministry of Corporate Affairs (MCA), its balance sheet was last filed on 2023-03-31.RUNGTA SONS PVT LTD's NIC code is 0200 (which is part of its CIN). As per the NIC code, it is inolved in Forestry, logging and related service activities.Directors of RUNGTA SONS PVT LTD are MUKESH KUMAR SINGH, NANDLAL  RUNGTA, ASHUTOSH  MOHANTY, HIRAK  MAZUMDER, BRAJ KISHORE JHA, MUKUND  RUNGTA, SIDDHARTH  RUNGTA, and SAJU  THOMAS.RUNGTA SONS PVT LTD's Corporate Identification Number (CIN) is U02005WB1943PTC011231 and its registration number is 11231. Users may contact RUNGTA SONS PVT LTD on its Email address - koloffice@rungtasons.com. Registered address of RUNGTA SONS PVT LTD is 8A EXPRESS TOWER42A SHAKESPEARE SARANI   , KOLKATA, West Bengal, India - 700017.Current status of RUNGTA SONS PVT LTD is - Active.",U02005WB1943PTC011231,Unlisted,Active,Kolkata,11231,Company limited by shares,Non-government company,Private,04-03-1943,"82 years, 0 months, 9 days",200,Forestry  logging and related service activities,Data not available,https://www.zaubacorp.com/RUNGTA-SONS-PVT-LTD-U02005WB1943PTC011231,0,No Active Cases
SARDA ENERGY LIMITED,Director,Sarda Energy And Minerals Limited,"Industrial Growth Centre Siltara, Raipur 493 111 Chhattisgarh.",Raipur,0771-221600,0771-2216198 / 9,"msarda@sardagroup.co.in,mktg@seml.co.in",http://www.seml.co.in,Ferro Manganese Silico Manganese,Chhattisgarh,Crisil AA-/Stable,CRISIL,2024,1367,133,0.13,21.86,1.68,https://www.crisil.com/mnt/winshare/Ratings/RatingList/RatingDocs/SardaEnergyandMineralsLimited_January%2014_%202025_RR_360551.html; https://www.careratings.com/upload/CompanyFiles/PR/Sarda%20Energy%20and%20Minerals%20Ltd.-03-22-2018.pdf,"SARDA ENERGY LIMITED(CIN: U40102CT2008PLC000406) is a Public company incorporated on 22 Dec 2008. It is classified as Non-government company and is registered at Registrar of Companies, Chhattisgarh. Its authorized share capital is Rs. 10000000.00 and its paid up capital is Rs. 7163000.00.SARDA ENERGY LIMITED's Annual General Meeting (AGM) was last held on 30 Dec 2023. and as per records from Ministry of Corporate Affairs (MCA), its balance sheet was last filed on 2023-03-31.SARDA ENERGY LIMITED's NIC code is 4010 (which is part of its CIN). As per the NIC code, it is inolved in Production , collection and distribution of electricity.Directors of SARDA ENERGY LIMITED are PARTHASARTHI  DUTTAGUPTA, KAMAL KISHORE SARDA, and PANKAJ  SARDA.SARDA ENERGY LIMITED's Corporate Identification Number (CIN) is U40102CT2008PLC000406 and its registration number is 406. Users may contact SARDA ENERGY LIMITED on its Email address - pduttagupta@seml.co.in. Registered address of SARDA ENERGY LIMITED is Vanijya Bhawan, 1st Floor, Sai Nagar Devendra Nagar Road   , Raipur, Chattisgarh, India - 492001.Current status of SARDA ENERGY LIMITED is - Active.",U40102CT2008PLC000406,Unlisted,Active,Chhattisgarh,406,Company limited by shares,Non-government company,Public,22-04-2008,"16 years, 10 months, 21 days",4010,Production  collection and distribution of electricity,Data not available,https://www.zaubacorp.com/SARDA-ENERGY-LIMITED-U40102CT2008PLC000406,0,No Active Cases
SHYAM FERRO ALLOYS LTD.,Director,Shyam Ferro Alloys Limited,"Vishwakarma Building, 86C, Topsia Road, Kolkata 700046",Kolkata,033-22852323/2324/2325/2326,033-22852328,himanshu@shyamferro.com,https://www.shyammetalics.com/,,West Bengal,CRISIL AA-,CRISIL,2023,2800,856.33,0.11,24.54,213500,"https://www.crisil.com/mnt/winshare/Ratings/RatingList/RatingDocs/ShyamFerroAlloysLimited_July%2010,%202023_RR_323441.html; https://www.icra.in/Rating/GetRationalReportFilePdf?id=90520; https://www.careratings.com/upload/CompanyFiles/PR/04012023062448_Shyam_Metalics_and_Energy_Limited.pdf","SHYAM FERRO ALLOYS LTD.(CIN: U27109WB1995PLC071548) is a Public company incorporated on 16 Dec 1995. It is classified as Non-government company and is registered at Registrar of Companies, Kolkata. Its authorized share capital is Rs. 320000000.00 and its paid up capital is Rs. 211972200.00.SHYAM FERRO ALLOYS LTD.'s Annual General Meeting (AGM) was last held on 30 Dec 2023. and as per records from Ministry of Corporate Affairs (MCA), its balance sheet was last filed on 2023-03-31.SHYAM FERRO ALLOYS LTD.'s NIC code is 271 (which is part of its CIN). As per the NIC code, it is inolved in Manufacture of Basic Iron & Steel.Directors of SHYAM FERRO ALLOYS LTD. are SUMAN  GOYAL, ALOK  AGARWAL, BIJAY  KUMAR, ROHIT  SHAW, VANDANA VEERABHADRA RAO, KAVITA  GOYAL, PRIYANKA  PODDAR, and ADITYA VIMALKUMAR AGRAWAL.SHYAM FERRO ALLOYS LTD.'s Corporate Identification Number (CIN) is U27109WB1995PLC071548 and its registration number is 71548. Users may contact SHYAM FERRO ALLOYS LTD. on its Email address - cs@shyamferro.com. Registered address of SHYAM FERRO ALLOYS LTD. is VISHWAKARMABUILDING86C,TOPSIAROAD,2ndFLOOR   , KOLKATA, West Bengal, India - 700046.Current status of SHYAM FERRO ALLOYS LTD. is - Active.",U27109WB1995PLC071548,Unlisted,Active,Kolkata,71548,Company limited by shares,Non-government company,Public,16-05-1995,"29 years, 9 months, 27 days",271,Manufacture of Basic Iron & Steel,Data not available,https://www.zaubacorp.com/SHYAM-FERRO-ALLOYS-LTD-U27109WB1995PLC071548,1,Active
VISA STEEL LIMITED,Vice Chairman & Managing Director,Visa Steel Limited,"Visa House, 8/10, Alipore Road, Kolkata 700027",Kolkata,033-30119000,033-30119002,visacal@visa-group.com,,High Carbon Ferro Chrome,West Bengal,CARE D,CARE ,2016,922.16,-241.44,Data Not Found,Data Not Found,5,https://www.careratings.com/upload/CompanyFiles/PR/VISA%20STEEL%20LIMITED-01-29-2016.pdf,"VISA STEEL LIMITED(CIN: L51109OR1996PLC004601) is a Public company incorporated on 10 Dec 1996. It is classified as Non-government company and is registered at Registrar of Companies, Cuttack. Its authorized share capital is Rs. 2520000000.00 and its paid up capital is Rs. 1157895000.00.VISA STEEL LIMITED's Annual General Meeting (AGM) was last held on 29 Dec 2023. and as per records from Ministry of Corporate Affairs (MCA), its balance sheet was last filed on 2023-03-31.VISA STEEL LIMITED's NIC code is 5110 (which is part of its CIN). As per the NIC code, it is inolved in Wholesale on a fee or contract basis. [Includes commission agents, commodity brokers and auctioneers and all other wholesalers who trade on behalf and on the account of others. Activities of self employed auctioneers are included in 74991.].Directors of VISA STEEL LIMITED are DHANESH  RANJAN, AMISHA CHATURVEDI KHANNA, MANOJ  KUMAR, BISWAJIT  CHONGDAR, VISHAL  AGARWAL, VISHAMBHAR  SARAN, SURINDER KUMAR SINGHAL, and RITU  BAJAJ.VISA STEEL LIMITED's Corporate Identification Number (CIN) is L51109OR1996PLC004601 and its registration number is 4601. Users may contact VISA STEEL LIMITED on its Email address - cs@visasteel.com. Registered address of VISA STEEL LIMITED is 11 EKAMRA KANAN,NAYAPALLI   , BHUBANESWAR, Orissa, India - 751015.Current status of VISA STEEL LIMITED is - Under CIRP.",L51109OR1996PLC004601,Listed,Under CIRP,Cuttack,4601,Company limited by shares,Non-government company,Public,10-09-1996,"28 years, 6 months, 3 days",5110,Wholesale on a fee or contract basis. [Includes commission agents  commodity brokers and auctioneers and all other wholesalers who trade on behalf and on the account of others. Activities of self employed auctioneers are included in 74991.],Data not available,https://www.zaubacorp.com/company/VISA-STEEL-LIMITED/L51109OR1996PLC004601,0,No Active Cases
AARTI STEELS LIMITED,Director,Aarti Steels Limited,"Plot No.11/1b/41, Sector II, CDA Cuttack 753014, Odisha",Cuttack,"0671-3061000, 2309285","0671-3061150, 2309407",rajeevmittal@aartisteelsltd.com,http://www.aartisteelsltd.com/,Ferro Chrome,Odisha,CRISIL AA,CRISIL,2023,6620,Data Not Found,0.6,16.5,Data Not Found,"https://www.crisil.com/mnt/winshare/Ratings/RatingList/RatingDocs/AartiIndustriesLimited_January%2019,%202024_RR_335615.html; https://www.icra.in/Rating/GetRationalReportFilePdf?id=132892","AARTI STEELS LIMITED(CIN: U17115PB1979PLC003991) is a Public company incorporated on 06 Dec 1979. It is classified as Non-government company and is registered at Registrar of Companies, Chandigarh. Its authorized share capital is Rs. 175000000.00 and its paid up capital is Rs. 117362000.00.AARTI STEELS LIMITED's Annual General Meeting (AGM) was last held on 29 Dec 2023. and as per records from Ministry of Corporate Affairs (MCA), its balance sheet was last filed on 2023-03-31.AARTI STEELS LIMITED's NIC code is 1711 (which is part of its CIN). As per the NIC code, it is inolved in Preparation and spinning of textile fiber including weaving of textiles (excluding khadi/handloom).Directors of AARTI STEELS LIMITED are MAHESH KUMAR MITTAL, SHIV  PARSHAD, VINAYAK  MITTAL, SUSHEN  MITTAL, JOGINDER KUMAR YADAV, SURESH  GUPTA, RAJEEV  MITTAL, GAURAV  MITTAL, UMA  MITTAL, DINESH KUMAR BEHAL, and GIRISH  MITTAL.AARTI STEELS LIMITED's Corporate Identification Number (CIN) is U17115PB1979PLC003991 and its registration number is 3991. Users may contact AARTI STEELS LIMITED on its Email address - secretarial@aartisteelintl.com. Registered address of AARTI STEELS LIMITED is MILLER GANJG T ROAD LUDHIANA   , PUNJAB, Punjab, India - 000000.Current status of AARTI STEELS LIMITED is - Active.",U17115PB1979PLC003991,Unlisted,Active,Chandigarh,3991,Company limited by shares,Non-government company,Public,06-06-1979,"45 years, 9 months, 7 days",1711,Preparation and spinning of textile fiber including weaving of textiles (excluding khadi/handloom),Data not available,https://www.zaubacorp.com/AARTI-STEELS-LIMITED-U17115PB1979PLC003991,0,No Active Cases
ANJANEY FERRO ALLOYS LTD.,Director,Anjaney Ferro Alloys Limited,"P.O. Mihijam, Dist. Jamtara Jharkhand 815 354",Jamtara,0341-2531888 / 2530812,0341-2532117,"office@anjaneyferro.com,amit@anjaneyferro.com",http://www.anjaneyferro.com,Ferro Silicon Silico Manganese,Jharkhand,CRISIL A / CRISIL A1,CRISIL,2022,1427,100.5,0.01,9.48,169250,https://www.crisil.com/mnt/winshare/Ratings/RatingList/RatingDocs/Anjaney%20Ferro%20Alloys%20Limited_REV_15-Nov-2022.pdf; https://www.careratings.com/upload/CompanyFiles/PR/202401120128_Anjaney_Ferro_Alloys_Limited.pdf,"ANJANEY FERRO ALLOYS LTD.(CIN: U31200WB1989PLC047100) is a Public company incorporated on 23 Dec 1989. It is classified as Non-government company and is registered at Registrar of Companies, Kolkata. Its authorized share capital is Rs. 577966660.00 and its paid up capital is Rs. 92200000.00.ANJANEY FERRO ALLOYS LTD.'s Annual General Meeting (AGM) was last held on 20 Dec 2023. and as per records from Ministry of Corporate Affairs (MCA), its balance sheet was last filed on 2023-03-31.ANJANEY FERRO ALLOYS LTD.'s NIC code is 3120 (which is part of its CIN). As per the NIC code, it is inolved in Manufacture of electricity distribution and control apparatus [electrical apparatus for switching or protecting electrical circuits (e.g. switches, fuses, voltage limiters, surge suppressors, junction boxes etc.) for a voltage exceeding 1000 volts; similar apparatus (including relays, sockets etc.) for a voltage not exceeding 1000 volts; boards, panels, consoles, cabinets and other bases equipped with two or more of the above apparatus for electricity control or distribution of electricity including power capacitors.].Directors of ANJANEY FERRO ALLOYS LTD. are AMIT  AGARWALLA, SURESH KUMAR SHARMA, JYOTI  KHARKIA, SUMIT  AGARWALLA, and VIKASH  KHARAKIA.ANJANEY FERRO ALLOYS LTD.'s Corporate Identification Number (CIN) is U31200WB1989PLC047100 and its registration number is 47100. Users may contact ANJANEY FERRO ALLOYS LTD. on its Email address - anjaney1992@gmail.com. Registered address of ANJANEY FERRO ALLOYS LTD. is 9, A J C BOSE ROAD 6TH FLOOR   , KOLKATA, West Bengal, India - 700017.Current status of ANJANEY FERRO ALLOYS LTD. is - Active.",U31200WB1989PLC047100,Unlisted,Active,Kolkata,47100,Company limited by shares,Non-government company,Public,23-06-1989,"35 years, 8 months, 20 days",3120,Manufacture of electricity distribution and control apparatus [electrical apparatus for switching or protecting electrical circuits (e.g. switches  fuses  voltage limiters surge suppressors  junction boxes etc.) for a voltage exceeding 1000 volts; similar apparatus (including relays  sockets etc.) for a voltage not exceeding 1000 volts; boards panels consoles  cabinets and other bases equipped with two or more of the above apparatus for electricity control or distribution of electricity including power capacitors.],Data not available,https://www.zaubacorp.com/ANJANEY-FERRO-ALLOYS-LTD-U31200WB1989PLC047100,0,No Active Cases
ASTHA FERRO ALLOYS PRIVATE LIMITED,Director,Astha Ferro Alloys Private Limited,"Plot No. 9/33, Belvedere Courtyard, Opp. Chhattisgarh Club,  Civil Lines, Raipur  492001, Chhattisgarh",Raipur,0771-4228899,,yash.afapl@gmail.com,,HC Silico Manganese,Chhattisgarh,CRISIL B-,CRISIL,2022,Data Not Found,Data Not Found,Data Not Found,Data Not Found,Data Not Found,"https://www.crisil.com/mnt/winshare/Ratings/RatingList/RatingDocs/TimesFerroAlloysPrivateLimited_April%2028,%202022_RR_291558.html","ASTHA FERRO ALLOYS PRIVATE LIMITED(CIN: U27310CT2021PTC011512) is a Private company incorporated on 13 Dec 2021. It is classified as Non-government company and is registered at Registrar of Companies, Chhattisgarh. Its authorized share capital is Rs. 100000000.00 and its paid up capital is Rs. 89143760.00.ASTHA FERRO ALLOYS PRIVATE LIMITED's Annual General Meeting (AGM) was last held on 30 Dec 2023. and as per records from Ministry of Corporate Affairs (MCA), its balance sheet was last filed on 2023-03-31.ASTHA FERRO ALLOYS PRIVATE LIMITED's NIC code is 2731 (which is part of its CIN). As per the NIC code, it is inolved in Casting of iron and steel.Directors of ASTHA FERRO ALLOYS PRIVATE LIMITED are DHARAMVEER R NACHRANI, and YASH  NACHRANI.ASTHA FERRO ALLOYS PRIVATE LIMITED's Corporate Identification Number (CIN) is U27310CT2021PTC011512 and its registration number is 11512. Users may contact ASTHA FERRO ALLOYS PRIVATE LIMITED on its Email address - yash.afapl@gmail.com. Registered address of ASTHA FERRO ALLOYS PRIVATE LIMITED is Belvedere Courtyard, Plot No. 9/33 Near Chhatisgarh Club, Civil Lines   , Raipur, Chattisgarh, India - 492001.Current status of ASTHA FERRO ALLOYS PRIVATE LIMITED is - Active.",U27310CT2021PTC011512,Unlisted,Active,Chhattisgarh,11512,Company limited by shares,Non-government company,Private,13-04-2021,"3 years, 11 months, 0 days",2731,Casting of iron and steel,Data not available,https://www.zaubacorp.com/ASTHA-FERRO-ALLOYS-PRIVATE-LIMITED-U27310CT2021PTC011512,0,No Active Cases
JHARKHAND ALLOYS PRIVATE LIMITED,Managing Partner,B.D Alloys And Metals Limited,"Sukhi Niwas, Govindpur,  Dhanbad 828109,  Jharkhand",Dhanbad,+91 7004043280/+91  9431121928,,bdalloys19@gmail.com,https://bdalloys.com/,Low Carbon Ferro Chrome,Jharkhand,CRISIL BBB/Stable,CRISIL,2025,221,19.97,1.13,Data Not Found,Data Not Found,"https://www.crisilratings.com/en/home/our-business/ratings.html; https://www.crisil.com/mnt/winshare/Ratings/RatingList/RatingDocs/PradeepMetalsLimited_October%2004,%202022_RR_303384.html; https://www.icra.in/Credit_Perspective/Details/24693","JHARKHAND ALLOYS PRIVATE LIMITED(CIN: U27101JH1995PTC006744) is a Private company incorporated on 25 Dec 1995. It is classified as Non-government company and is registered at Registrar of Companies, Jharkhand. Its authorized share capital is Rs. 1000000.00 and its paid up capital is Rs. 982000.00.JHARKHAND ALLOYS PRIVATE LIMITED's Annual General Meeting (AGM) was last held on 30 Dec 2023. and as per records from Ministry of Corporate Affairs (MCA), its balance sheet was last filed on 2023-03-31.JHARKHAND ALLOYS PRIVATE LIMITED's NIC code is 271 (which is part of its CIN). As per the NIC code, it is inolved in Manufacture of Basic Iron & Steel.Directors of JHARKHAND ALLOYS PRIVATE LIMITED are SUMAN  BAJAJ, and SUSHIL KUMAR BAJAJ.JHARKHAND ALLOYS PRIVATE LIMITED's Corporate Identification Number (CIN) is U27101JH1995PTC006744 and its registration number is 6744. Users may contact JHARKHAND ALLOYS PRIVATE LIMITED on its Email address - jharkhandalloys@gmail.com. Registered address of JHARKHAND ALLOYS PRIVATE LIMITED is GAJHANDIH ROAD,JHUMRI TELAIYA KODARMA   , KODARMA, Jharkhand, India - 825409.Current status of JHARKHAND ALLOYS PRIVATE LIMITED is - Active.",U27101JH1995PTC006744,Unlisted,Active,Jharkhand,6744,Company limited by shares,Non-government company,Private,25-09-1995,"29 years, 5 months, 18 days",271,Manufacture of Basic Iron & Steel,Data not available,https://www.zaubacorp.com/JHARKHAND-ALLOYS-PRIVATE-LIMITED-U27101JH1995PTC006744,0,No Active Cases
BALAJI ELECTRO SMELTERS PRIVATE LIMITED,Managing Director,Balaji Electro Smelters Limited,"Plot No. B-18, MIDC Yavatmal 445 001. Maharashtra.",Yavatmal,"07232-244048, 245048",07232-242190,besyml@gmail.com,,Silico Manganese,Maharashtra,CRISIL B+,CRISIL,2022,Data Not Found,Data Not Found,Data Not Found,Data Not Found,Data Not Found,"https://www.crisil.com/mnt/winshare/Ratings/RatingList/RatingDocs/ShreeBalajiSteelAndTubes_April%2027,%202022_RR_291951.html","BALAJI ELECTRO SMELTERS PRIVATE LIMITED(CIN: U27200TG1987PTC007332) is a Private company incorporated on 01 Dec 1987. It is classified as Non-government company and is registered at Registrar of Companies, Hyderabad. Its authorized share capital is Rs. 20000000.00 and its paid up capital is Rs. 18000000.00.BALAJI ELECTRO SMELTERS PRIVATE LIMITED's Annual General Meeting (AGM) was last held on 29 Dec 2023. and as per records from Ministry of Corporate Affairs (MCA), its balance sheet was last filed on 2023-03-31.BALAJI ELECTRO SMELTERS PRIVATE LIMITED's NIC code is 2720 (which is part of its CIN). As per the NIC code, it is inolved in Manufacture of basic precious and non-ferrous metals.Directors of BALAJI ELECTRO SMELTERS PRIVATE LIMITED are SUDESH KUMAR KAPARTHI, KONDA  VEERENDER, ANUP  KAPARTHI, KAPARTHI  ANIRUDH, KARAM CHAND JAIN, and RAGHUNATH  KAPARTHI.BALAJI ELECTRO SMELTERS PRIVATE LIMITED's Corporate Identification Number (CIN) is U27200TG1987PTC007332 and its registration number is 7332. Users may contact BALAJI ELECTRO SMELTERS PRIVATE LIMITED on its Email address - besyml@gmail.com. Registered address of BALAJI ELECTRO SMELTERS PRIVATE LIMITED is 4A, SAMPATHJI APARTMENT, 6-3-855/10/A, AMEERPET NEAR NEERAJ PUBLIC SCHOOL, OPP. GREENPAR K HOTEL,  , HYDERABAD, Telangana, India - 500016.Current status of BALAJI ELECTRO SMELTERS PRIVATE LIMITED is - Active.",U27200TG1987PTC007332,Unlisted,Active,Hyderabad,7332,Company limited by shares,Non-government company,Private,01-04-1987,"37 years, 11 months, 12 days",720,Manufacture of basic precious and non-ferrous metals,Data not available,https://www.zaubacorp.com/BALAJI-ELECTRO-SMELTERS-PRIVATE-LIMITED-U27200TG1987PTC007332,0,No Active Cases
BANSAL CORPORATION PRIVATE LIMITED,Partner,Bansal Brothers Limited,Ferro Alloys Division G.E. Road P. O. Khursipar Bhilai 490 011 (Chhattisgarh),Bhilai,0788-3290584 / 2296495,0788-2225874,"anirudh@sarthakmetals.com,manojbansal@sarthakmetals.com,info@sarthakmetals.com",http://www.sarthakmetals.com,"Ferro Aluminium, Ferro Titanium, Ferro Silico Magnesium",Chhattisgarh,CRISIL BB+/Stable,CRISIL,2019,124.18,4.44,0.36,Data Not Found,Data Not Found,https://www.crisil.com/mnt/winshare/Ratings/RatingList/RatingDocs/Bansal_Brothers_Bhilai_November_27_2019_RR.html; https://www.icra.in/Rating/ShowRationalReportFilePdf/88191,"BANSAL CORPORATION PRIVATE LIMITED(CIN: U74899DL1999PTC102216) is a Private company incorporated on 29 Dec 1999. It is classified as Non-government company and is registered at Registrar of Companies, Delhi. Its authorized share capital is Rs. 50000000.00 and its paid up capital is Rs. 45311000.00.BANSAL CORPORATION PRIVATE LIMITED's Annual General Meeting (AGM) was last held on 22 Dec 2023. and as per records from Ministry of Corporate Affairs (MCA), its balance sheet was last filed on 2023-03-31.BANSAL CORPORATION PRIVATE LIMITED's NIC code is 74 (which is part of its CIN). As per the NIC code, it is inolved in OTHER BUSINESS ACTIVITIES.Directors of BANSAL CORPORATION PRIVATE LIMITED are SUDARSHAN KUMAR BANSAL, and SANTOSH  BANSAL.BANSAL CORPORATION PRIVATE LIMITED's Corporate Identification Number (CIN) is U74899DL1999PTC102216 and its registration number is 102216. Users may contact BANSAL CORPORATION PRIVATE LIMITED on its Email address - info@pacificindia.in. Registered address of BANSAL CORPORATION PRIVATE LIMITED is Ground Floor-42, Pacific Mall, Tagore Garden, Najafgarh Road, New Delhi-110018   , Delhi, Delhi, India - 110018.Current status of BANSAL CORPORATION PRIVATE LIMITED is - Active.",U74899DL1999PTC102216,Unlisted,Active,Delhi,102216,Company limited by shares,Non-government company,Private,29-10-1999,"25 years, 4 months, 14 days",74,OTHER BUSINESS ACTIVITIES,Data not available,https://www.zaubacorp.com/company/BANSAL-CORPORATION-PRIVATE-LIMITED/U74899DL1999PTC102216,0,No Active Cases
BDG METAL & POWER LIMITED,Director,Bdg Metal And Power Limited,"HMP House, 4, Fairlie Place, 5th floor Kolkata - 700 001",Kolkata,033-40059000/40059005,033-40059091 / 40059095,alokgoyal@goyalgroup.in;sudiprc@goyalgroujp.in,http://www.goyalgroup.in,Ferro Manganese Silico Manganese,West Bengal,CRISIL A-/Stable,CRISIL,2021,951.1,12.3,0.57,6,2.42,"https://www.crisil.com/mnt/winshare/Ratings/RatingList/RatingDocs/BDGMetalandPowerLimited_November%2029,%202021_RR_281444.html; https://www.careratings.com/upload/CompanyFiles/PR/202409120940_BDG_Polysteel_Limited.pdf","BDG METAL & POWER LIMITED(CIN: U51109WB1999PLC088908) is a Public company incorporated on 05 Dec 1999. It is classified as Non-government company and is registered at Registrar of Companies, Kolkata. Its authorized share capital is Rs. 100000000.00 and its paid up capital is Rs. 71765950.00.BDG METAL & POWER LIMITED's Annual General Meeting (AGM) was last held on 30 Dec 2023. and as per records from Ministry of Corporate Affairs (MCA), its balance sheet was last filed on 2023-03-31.BDG METAL & POWER LIMITED's NIC code is 5110 (which is part of its CIN). As per the NIC code, it is inolved in Wholesale on a fee or contract basis. [Includes commission agents, commodity brokers and auctioneers and all other wholesalers who trade on behalf and on the account of others. Activities of self employed auctioneers are included in 74991.].Directors of BDG METAL & POWER LIMITED are SUSHILA DEVI AGARWALA, SAMBA SIVA RAO CHAGANTIPATI, SUNIL KUMAR JALAN, ALOK  GOYAL, DILIP KUMAR CHORARIA, and SOMNATH  BHATTACHARYYA.BDG METAL & POWER LIMITED's Corporate Identification Number (CIN) is U51109WB1999PLC088908 and its registration number is 88908. Users may contact BDG METAL & POWER LIMITED on its Email address - bdgmetalpltd@gmail.com. Registered address of BDG METAL & POWER LIMITED is HMP HOUSE 4 FAIRLY PLACE5TH FLOOR   , KOLKATA, West Bengal, India - 700001.Current status of BDG METAL & POWER LIMITED is - Active.",U51109WB1999PLC088908,Unlisted,Active,Kolkata,88908,Company limited by shares,Non-government company,Public,05-03-1999,"26 years, 0 months, 8 days",5110,Wholesale on a fee or contract basis. [Includes commission agents  commodity brokers and auctioneers and all other wholesalers who trade on behalf and on the account of others. Activities of self employed auctioneers are included in 74991.],Data not available,https://www.zaubacorp.com/BDG-METAL-AND-POWER-LIMITED-U51109WB1999PLC088908,0,No Active Cases
BEEKAY STEEL INDUSTRIES LTD,Executive Director,Beekay Steel Industries Limited,"Lansdown Towers, 4th Floor, 2/1A, Sarat Bose Road, Kolkata 700020, West Bengal",Kolkata,"033 40604444, 22830061",,"vikasb@beekaysteel.com,sales@beekaysteel.com",,"Silico Manganese, Ferro Manganese, Ferro Chrome",West Bengal,CRISIL BBB+,CRISIL,2022,96,57,Data Not Found,Data Not Found,Data Not Found,"https://www.crisil.com/mnt/winshare/Ratings/RatingList/RatingDocs/VosslohBeekayCastingsLimited_August%2030,%202022_RR_298663.html; https://www.indiaratings.co.in/racbankwisefacility/72004","BEEKAY STEEL INDUSTRIES LTD(CIN: L27106WB1981PLC033490) is a Public company incorporated on 28 Dec 1981. It is classified as Non-government company and is registered at Registrar of Companies, Kolkata. Its authorized share capital is Rs. 230000000.00 and its paid up capital is Rs. 190720520.00.BEEKAY STEEL INDUSTRIES LTD's Annual General Meeting (AGM) was last held on 29 Dec 2023. and as per records from Ministry of Corporate Affairs (MCA), its balance sheet was last filed on 2023-03-31.BEEKAY STEEL INDUSTRIES LTD's NIC code is 271 (which is part of its CIN). As per the NIC code, it is inolved in Manufacture of Basic Iron & Steel.Directors of BEEKAY STEEL INDUSTRIES LTD are MANAV  BANSAL, VIKAS  BANSAL, BHARAT KUMAR NADHANI, SHALINI  JAIN, MANAV  BANSAL, RABINDRA KUMAR SAHOO, SANDIP KUMAR KEJRIWAL, SHYANTHI  DASGUPTA, PRANAB KUMAR CHAKRABARTY, SURESH CHAND BANSAL, GAUTAM  BANSAL, and MUKESH CHAND BANSAL.BEEKAY STEEL INDUSTRIES LTD's Corporate Identification Number (CIN) is L27106WB1981PLC033490 and its registration number is 33490. Users may contact BEEKAY STEEL INDUSTRIES LTD on its Email address - rksahoo@beekaysteel.com. Registered address of BEEKAY STEEL INDUSTRIES LTD is 2/1A, SARAT BOSE ROAD LANS DOWNE TOWERS, 4TH FLOOR   , KOLKATA, West Bengal, India - 700020.Current status of BEEKAY STEEL INDUSTRIES LTD is - Active.",L27106WB1981PLC033490,Listed,Active,Kolkata,33490,Company limited by shares,Non-government company,Public,28-03-1981,"44 years, -1 months, 15 days",271,Manufacture of Basic Iron & Steel,Data not available,https://www.zaubacorp.com/BEEKAY-STEEL-INDUSTRIES-LTD-L27106WB1981PLC033490,0,No Active Cases
Mr. Samir L. Bhartia,,Bhartia Metlloys Limited,"B-6, MIDC, Ghugus Road Chandrapur 442 406 Maharashtra .",Chandrapur,07172-287641,0712-2721484,ashish@bhartias.com;info@bhartias.com,,"Ferro Silicon Magnesium, Fesi Barium, Fesi Zirconium, Fesi  Inoculant",Maharashtra,CRISIL B,CRISIL,2025,Data Not Found,Data Not Found,Data Not Found,Data Not Found,Data Not Found,"https://www.crisilratings.com/en/home/our-business/ratings.html; https://www.crisil.com/mnt/winshare/Ratings/RatingList/RatingDocs/BhartiaDistributorsPrivateLimited_March%2021,%202022_RR_290125.html; https://www.icra.in/Rating/GetRationalReportFilePdf?Id=129714",Not Available,,,,,,,,,,,,,Data not available,https://www.zaubacorp.com/,0,No Active Cases
SHREE BHOLEY ALLOYS PRIVATE LIMITED,Director,Bholey Alloys Private Limited,"Phase IV/C-1 P-3, Bokaro Industrial Area, Balidih,Bokaro Steel City - 827014, Jharkhand",Bokaro,065r42-253491,,"infoi@bholeyalloys.com,shreebholeyalloys@gmail.com",,Silico Manganese,Jharkhand,CRISIL BBB-/Stable,CRISIL,2021,110.36,2.46,1.25,Data Not Found,21600,"https://www.crisil.com/mnt/winshare/Ratings/RatingList/RatingDocs/ShreeBholeyAlloysPrivateLimited_August%2018,%202021_RR_275570.html; https://www.careratings.com/upload/CompanyFiles/PR/13102022062704_B._P._Alloys_Limited.pdf","SHREE BHOLEY ALLOYS PRIVATE LIMITED(CIN: U27101JH2008PTC013366) is a Private company incorporated on 11 Dec 2008. It is classified as Non-government company and is registered at Registrar of Companies, Jharkhand. Its authorized share capital is Rs. 97500000.00 and its paid up capital is Rs. 88151800.00.SHREE BHOLEY ALLOYS PRIVATE LIMITED's Annual General Meeting (AGM) was last held on 30 Dec 2023. and as per records from Ministry of Corporate Affairs (MCA), its balance sheet was last filed on 2023-03-31.SHREE BHOLEY ALLOYS PRIVATE LIMITED's NIC code is 271 (which is part of its CIN). As per the NIC code, it is inolved in Manufacture of Basic Iron & Steel.Directors of SHREE BHOLEY ALLOYS PRIVATE LIMITED are SATYA NAND SINGH, RAKESH KUMAR SINGH, and SUMEET  KUMAR.SHREE BHOLEY ALLOYS PRIVATE LIMITED's Corporate Identification Number (CIN) is U27101JH2008PTC013366 and its registration number is 13366. Users may contact SHREE BHOLEY ALLOYS PRIVATE LIMITED on its Email address - shreebholeyalloys@gmail.com. Registered address of SHREE BHOLEY ALLOYS PRIVATE LIMITED is BARWAADDA, P.O. KALYANPUR   , DHANBAD, Jharkhand, India - 826004.Current status of SHREE BHOLEY ALLOYS PRIVATE LIMITED is - Active.",U27101JH2008PTC013366,Unlisted,Active,Jharkhand,13366,Company limited by shares,Non-government company,Private,11-11-2008,"16 years, 4 months, 2 days",271,Manufacture of Basic Iron & Steel,Data not available,https://www.zaubacorp.com/SHREE-BHOLEY-ALLOYS-PRIVATE-LIMITED-U27101JH2008PTC013366,0,No Active Cases
Dr. R.J. Singh,Partner,Boon Metal And Alloys Corporation Limited,"Plot No.3002 & 1223, GIDC,Sarigam  396155 Dist. Valsad, Gujarat",Valsad,+91 9725477705,,drrjsingh@boonmetal.com,,Ferro Molybdenum Ferro Vanadium and  Ferro Titanium,Gujarat,CRISIL BB-,CRISIL,2025,Data Not Found,Data Not Found,Data Not Found,Data Not Found,Data Not Found,"https://www.crisilratings.com/en/home/our-business/ratings.html; https://www.crisil.com/mnt/winshare/Ratings/RatingList/RatingDocs/AnantAlloysAndSteelLLP_May%2026,%202021_RR_265381.html",,,,,,,,,,,,,,Data not available,,0,No Active Cases
CARBON RESOURCES PVT LTD,Jt. Managing Director,Carbon Resources Private Limited,"Saberwal House, 3rd Floor, 55B, Mirza Ghalib Street, Kolkata 700016, West Bengal",Kolkata,9.19E+11,,"abhishek.jalan@carbonresources.in,mahendra.sharma@carbonresources.in",,Silico Manganese,West Bengal,CRISIL A,CRISIL,2021,832.9,45.3,0.24,8.31,111.8,"https://www.crisil.com/mnt/winshare/Ratings/RatingList/RatingDocs/CarbonResourcesPrivateLimited_August%2012,%202021_RR_276300.html; https://www.careratings.com/upload/CompanyFiles/PR/202503120332_Carbon_Resources_Private_Limited.pdf","CARBON RESOURCES PVT LTD(CIN: U23109WB1991PTC052947) is a Private company incorporated on 04 Dec 1991. It is classified as Non-government company and is registered at Registrar of Companies, Kolkata. Its authorized share capital is Rs. 250000000.00 and its paid up capital is Rs. 240000000.00.CARBON RESOURCES PVT LTD's Annual General Meeting (AGM) was last held on 30 Dec 2023. and as per records from Ministry of Corporate Affairs (MCA), its balance sheet was last filed on 2023-03-31.CARBON RESOURCES PVT LTD's NIC code is 2310 (which is part of its CIN). As per the NIC code, it is inolved in Manufacture of coke oven products [This class includes the operation of coke ovens chiefly for the production of coke or semi -coke from hard coal and lignite, retort carbon and residual products such as coal tar or pitch. Agglomeration of coke. Distillation of coal tar is classified in class 2411.].Directors of CARBON RESOURCES PVT LTD are ABHISHEK  JALAN, ROHIT KUMAR BAGRI, SURESH KUMAR JALAN, and ABHINAV KUMAR JALAN.CARBON RESOURCES PVT LTD's Corporate Identification Number (CIN) is U23109WB1991PTC052947 and its registration number is 52947. Users may contact CARBON RESOURCES PVT LTD on its Email address - COMPLIANCE@CARBONRESOURCES.IN. Registered address of CARBON RESOURCES PVT LTD is SABERWAL HOUSE 55B, MIRZA GALIB STREET, 3RD FLOOR   , KOLKATA, West Bengal, India - 700016.Current status of CARBON RESOURCES PVT LTD is - Active.",U23109WB1991PTC052947,Unlisted,Active,Kolkata,52947,Company limited by shares,Non-government company,Private,04-09-1991,"33 years, 6 months, 9 days",2310,Manufacture of coke oven products [This class includes the operation of coke ovens chiefly for the production of coke or semi -coke from hard coal and lignite  retort carbon and residual products such as coal tar or pitch. Agglomeration of coke. Distillation of coal tar is classified in class 2411.],Data not available,https://www.zaubacorp.com/company/CARBON-RESOURCES-PVT-LTD/U23109WB1991PTC052947,0,No Active Cases
CASTRON TECHNOLOGIES LTD,Director,Castron Technologies Limited,"8, Waterloo Street Kolkata 700 069.",Kolkata,033-22486442,033-22884861,info@castrontech.com;atul@castrontech.com,,Ferro Manganese Silico Manganese,West Bengal,CRISIL B+/Stable/CRISIL A4,CRISIL,2024,293.05,59.91,Data Not Found,Data Not Found,28000,https://www.crisil.com/mnt/winshare/Ratings/RatingList/RatingDocs/CastronTechnologiesLimited_November%2025_%202024_RR_356140.html; https://www.careratings.com/upload/CompanyFiles/PR/202407120740_Castron_Technologies_Limited.pdf,"CASTRON TECHNOLOGIES LTD(CIN: U27310WB1983PLC035788) is a Public company incorporated on 01 Dec 1983. It is classified as Non-government company and is registered at Registrar of Companies, Kolkata. Its authorized share capital is Rs. 67000000.00 and its paid up capital is Rs. 30578860.00.CASTRON TECHNOLOGIES LTD's Annual General Meeting (AGM) was last held on 30 Dec 2023. and as per records from Ministry of Corporate Affairs (MCA), its balance sheet was last filed on 2023-03-31.CASTRON TECHNOLOGIES LTD's NIC code is 2731 (which is part of its CIN). As per the NIC code, it is inolved in Casting of iron and steel.Directors of CASTRON TECHNOLOGIES LTD are MAHENDRA KUMAR AGARWALLA, ASHOK KUMAR CHOUDHARY, JIWAN RAM PATWARI, RUPESH KUMAR CHOURASIA, MOHIT KUMAR BANSAL, and PRATHAM  MITTAL.CASTRON TECHNOLOGIES LTD's Corporate Identification Number (CIN) is U27310WB1983PLC035788 and its registration number is 35788. Users may contact CASTRON TECHNOLOGIES LTD on its Email address - jiwan@castrontech.com. Registered address of CASTRON TECHNOLOGIES LTD is 14, BENTICK STREET ROOM NO. 8 1ST FLOOR   , KOLKATA, West Bengal, India - 700001.Current status of CASTRON TECHNOLOGIES LTD is - Active.",U27310WB1983PLC035788,Unlisted,Active,Kolkata,35788,Company limited by shares,Non-government company,Public,01-02-1983,"42 years, 1 months, 12 days",2731,Casting of iron and steel,Data not available,https://www.zaubacorp.com/CASTRON-TECHNOLOGIES-LTD-U27310WB1983PLC035788,0,No Active Cases
CHHATTISGARH STEEL AND POWER LIMITED,President,Chhattisgarh Steel And Power Limited,"Village - Amjhar, Janjgir, Champa, Chhattisgarh 495671",Champa,"7909904948, 9493386051, 9948873557",,"vamsivarma_p@yahoo.co.in,champapower17@gmail.com",,"High Carbon Silico Manganese,Ferro Manganese",Chhattisgarh,CRISIL BB+,CRISIL,2023,Data Not Found,Data Not Found,Data Not Found,Data Not Found,105000,"https://www.crisil.com/mnt/winshare/Ratings/RatingList/RatingDocs/TimesSteelAndPowerPrivateLimited_March%2031,%202023_RR_316294.html","CHHATTISGARH STEEL AND POWER LIMITED(CIN: U27109CT2003PLC016284) is a Public company incorporated on 24 Dec 2003. It is classified as Non-government company and is registered at Registrar of Companies, Chhattisgarh. Its authorized share capital is Rs. 1000000000.00 and its paid up capital is Rs. 820000000.00.CHHATTISGARH STEEL AND POWER LIMITED's Annual General Meeting (AGM) was last held on 30 Dec 2023. and as per records from Ministry of Corporate Affairs (MCA), its balance sheet was last filed on 2023-03-31.CHHATTISGARH STEEL AND POWER LIMITED's NIC code is 271 (which is part of its CIN). As per the NIC code, it is inolved in Manufacture of Basic Iron & Steel.Directors of CHHATTISGARH STEEL AND POWER LIMITED are ANSHUL  MOTWANI, SURENDRAPAL  NEWARE, SAILESH KUMAR LINGAM, RAMESH SINGH THAKUR, LAKSHMI LAVANYA PANNASA, SURESH  MARPU, and APPALARAJU  AYINAMPUDI.CHHATTISGARH STEEL AND POWER LIMITED's Corporate Identification Number (CIN) is U27109CT2003PLC016284 and its registration number is 16284. Users may contact CHHATTISGARH STEEL AND POWER LIMITED on its Email address - champapower17@gmail.com. Registered address of CHHATTISGARH STEEL AND POWER LIMITED is M/s. Chhattisgarh Steel and Power Limited Village: Amjhar   , Janjgit, Chattisgarh, India - 495671.Current status of CHHATTISGARH STEEL AND POWER LIMITED is - Active.",U27109CT2003PLC016284,Unlisted,Active,Chhattisgarh,16284,Company limited by shares,Non-government company,Public,24-12-2003,"21 years, 2 months, 19 days",271,Manufacture of Basic Iron & Steel,Data not available,https://www.zaubacorp.com/CHHATTISGARH-STEEL-AND-POWER-LIMITED-U27109CT2003PLC016284,1,Active
D S ALLOYD PRIVATE LIMITED,Director,D.S.Alloyd Private Limited,"C235, MIDC Industrial Area, Butibori, Nagpur 441122, Maharashtra",Nagpur,9810024904,0712 2293692,hp_mittall@hotmail.com,,,Maharashtra,CRISIL BB,CRISIL,2019,229.47,0.93,0.83,1.9,Data Not Found,https://www.crisil.com/mnt/winshare/Ratings/RatingList/RatingDocs/D_S_Alloyd_Private_Limited_August_16_2019_RR.html; https://www.careratings.com/search?Id=B9AmPt7lt3x4z7TsHiCmeg==,"D S ALLOYD PRIVATE LIMITED(CIN: U27109DL2002PTC115885) is a Private company incorporated on 20 Dec 2002. It is classified as Non-government company and is registered at Registrar of Companies, Delhi. Its authorized share capital is Rs. 50000000.00 and its paid up capital is Rs. 49228000.00.D S ALLOYD PRIVATE LIMITED's Annual General Meeting (AGM) was last held on 30 Dec 2023. and as per records from Ministry of Corporate Affairs (MCA), its balance sheet was last filed on 2023-03-31.D S ALLOYD PRIVATE LIMITED's NIC code is 271 (which is part of its CIN). As per the NIC code, it is inolved in Manufacture of Basic Iron & Steel.Directors of D S ALLOYD PRIVATE LIMITED are RAJ KUMAR GOEL, and HANUMAN PRASHAD MITTAL.D S ALLOYD PRIVATE LIMITED's Corporate Identification Number (CIN) is U27109DL2002PTC115885 and its registration number is 115885. Users may contact D S ALLOYD PRIVATE LIMITED on its Email address - dsalloyspl@yahoo.co.in. Registered address of D S ALLOYD PRIVATE LIMITED is AN-2 SHALIMAR BAGH   , DELHI, Delhi, India - 110088.Current status of D S ALLOYD PRIVATE LIMITED is - Active.",U27109DL2002PTC115885,Unlisted,Active,Delhi,115885,Company limited by shares,Non-government company,Private,20-06-2002,"22 years, 8 months, 23 days",271,Manufacture of Basic Iron & Steel,Data not available,https://www.zaubacorp.com/D-S-ALLOYD-PRIVATE-LIMITED-U27109DL2002PTC115885,0,No Active Cases
DEEPAK FERRO ALLOYS LIMITED,Managing Director,Deepak Ferro Alloys Limited,"Plot No. 201, 202 & 224-D Sector C, Urla Industrial Complex Raipur 493 221 CG.",Raipur,0771-6462001,0771-2324300,"d_ferroalloys@yahoo.co.in,junejaumang@gmail.com",,Silico Manganese Ferro Manganese,Chhattisgarh,CRISIL AA-/Watch Developing,CRISIL,2024,809,Data Not Found,0.1,14.2,140000,https://www.crisil.com/mnt/winshare/Ratings/RatingList/RatingDocs/FerroAlloysCorporationLimited_June%2020_%202024_RR_346247.html; https://www.icra.in/Rating/GetRationalReportFilePdf?id=110938,"DEEPAK FERRO ALLOYS LIMITED(CIN: U27101CT1988PLC004365) is a Public company incorporated on 03 Dec 1988. It is classified as Non-government company and is registered at Registrar of Companies, Chhattisgarh. Its authorized share capital is Rs. 35000000.00 and its paid up capital is Rs. 24976000.00.DEEPAK FERRO ALLOYS LIMITED's Annual General Meeting (AGM) was last held on 30 Dec 2023. and as per records from Ministry of Corporate Affairs (MCA), its balance sheet was last filed on 2023-03-31.DEEPAK FERRO ALLOYS LIMITED's NIC code is 271 (which is part of its CIN). As per the NIC code, it is inolved in Manufacture of Basic Iron & Steel.Directors of DEEPAK FERRO ALLOYS LIMITED are RANJIT SINGH RATHORE, JAGDISH KUMAR JUNEJA, KSHITIJ  JUNEJA, and VIVEK KUMAR RATHORE.DEEPAK FERRO ALLOYS LIMITED's Corporate Identification Number (CIN) is U27101CT1988PLC004365 and its registration number is 4365. Users may contact DEEPAK FERRO ALLOYS LIMITED on its Email address - deepakferroalloyslimited@gmail.com. Registered address of DEEPAK FERRO ALLOYS LIMITED is PLOT NO. 201, 202, 224/D URLA INDUSTRIAL AREA   , RAIPUR, Chattisgarh, India - 492003.Current status of DEEPAK FERRO ALLOYS LIMITED is - Active.",U27101CT1988PLC004365,Unlisted,Active,Chhattisgarh,4365,Company limited by shares,Non-government company,Public,03-02-1988,"37 years, 1 months, 10 days",271,Manufacture of Basic Iron & Steel,Data not available,https://www.zaubacorp.com/company/DEEPAK-FERRO-ALLOYS-LIMITED/U27101CT1988PLC004365,0,No Active Cases
ELKEM SOUTH ASIA PRIVATE LIMITED,Managing Director,Elkem South Asia Private Limited,"307/308, B Wing, BSEL Techno Park 3rd Floor, Sector 30A, Vashi, Navi Mumbai 400705, Maharashtra",Mumbai,"022-67761900, 67761999, 9964227444",,"elkem-india@elkem.com,iyer.srinivasan@elkem.com",https://www.elkem.com/,Ferro Silicon Alloys,Maharashtra,Not Available,Not Available,Not Available,Not Available,Not Available,Not Available,Not Available,Not Available,Not Found,"ELKEM SOUTH ASIA PRIVATE LIMITED(CIN: U99999MH1987FTC043668) is a Private company incorporated on 08 Dec 1987. It is classified as subsidiary of company incorporated outside India and is registered at Registrar of Companies, Mumbai. Its authorized share capital is Rs. 260000000.00 and its paid up capital is Rs. 260000000.00.ELKEM SOUTH ASIA PRIVATE LIMITED's Annual General Meeting (AGM) was last held on 13 Dec 2023. and as per records from Ministry of Corporate Affairs (MCA), its balance sheet was last filed on 2023-03-31.ELKEM SOUTH ASIA PRIVATE LIMITED's NIC code is 99 (which is part of its CIN). As per the NIC code, it is inolved in EXTRA TERRITORIAL ORGANIZATIONS AND BODIES.Directors of ELKEM SOUTH ASIA PRIVATE LIMITED are LIPI  TODI, ABDELOUAHID  BELMAHI, and SRINIVASAN SHASTRI SARANATHAN IYER.ELKEM SOUTH ASIA PRIVATE LIMITED's Corporate Identification Number (CIN) is U99999MH1987FTC043668 and its registration number is 43668. Users may contact ELKEM SOUTH ASIA PRIVATE LIMITED on its Email address - elkem-india@elkem.com. Registered address of ELKEM SOUTH ASIA PRIVATE LIMITED is 307/308, B-wing, BSEL Tech Park, Sector 30A, Vashi,   , Navi Mumbai, Maharashtra, India - 400705.Current status of ELKEM SOUTH ASIA PRIVATE LIMITED is - Active.",U99999MH1987FTC043668,Unlisted,Active,Mumbai,43668,Company limited by shares,subsidiary of company incorporated outside India,Private,08-06-1987,"37 years, 9 months, 5 days",99,EXTRA TERRITORIAL ORGANIZATIONS AND BODIES,Data not available,https://www.zaubacorp.com/company/ORKLA-INDIA-PRIVATE-LIMITED/U99999MH1987FTC043668,1,Active
ESSEL MINING & INDUSTRIES LTD.,Unit Head - Ferro Alloys Unit,Essel Mining And Industries Limited,"Ferro-Chem Division Plot No. 165, 166, GIDC, Phase II Vapi 396 195, Dist. Valsad, Gujarat.",Valsad,"0260-2400399, 2423199, 2401702",0260-2431099,parvesh.garg@adityabirla.com,,,Gujarat,CRISIL AA-,CRISIL,2024,Data Not Found,Data Not Found,0.12,Data Not Found,1,https://www.crisil.com/mnt/winshare/Ratings/RatingList/RatingDocs/EsselMiningandIndustriesLimited_October%2030_%202024_RR_355093.html; https://www.icra.in/Rating/GetRationalReportFilePdf?id=128950; https://www.careratings.com/upload/CompanyFiles/PR/202501140122_Essel_Mining_and_Industries_Limited.pdf,"ESSEL MINING & INDUSTRIES LTD.(CIN: U51109WB1950PLC018728) is a Public company incorporated on 01 Dec 1950. It is classified as Non-government company and is registered at Registrar of Companies, Kolkata. Its authorized share capital is Rs. 70000000000.00 and its paid up capital is Rs. 19582108530.00.ESSEL MINING & INDUSTRIES LTD.'s Annual General Meeting (AGM) was last held on 29 Dec 2023. and as per records from Ministry of Corporate Affairs (MCA), its balance sheet was last filed on 2023-03-31.ESSEL MINING & INDUSTRIES LTD.'s NIC code is 5110 (which is part of its CIN). As per the NIC code, it is inolved in Wholesale on a fee or contract basis. [Includes commission agents, commodity brokers and auctioneers and all other wholesalers who trade on behalf and on the account of others. Activities of self employed auctioneers are included in 74991.].Directors of ESSEL MINING & INDUSTRIES LTD. are KUPPASAMY SIVAKUMAR  ., SUSHIL  AGARWAL, SUNIL KUMAR DAGA, GIRIRAJ  MAHESWARI, DEEKSHA SHARMA VATS, BRUNDABAN BEHERA ., and THOMAS MALIACKAL CHERIAN.ESSEL MINING & INDUSTRIES LTD.'s Corporate Identification Number (CIN) is U51109WB1950PLC018728 and its registration number is 18728. Users may contact ESSEL MINING & INDUSTRIES LTD. on its Email address - dhananjoy.karmakar@adityabirla.com. Registered address of ESSEL MINING & INDUSTRIES LTD. is 10 CAMAC STREET   , KOLKATA, West Bengal, India - 700017.Current status of ESSEL MINING & INDUSTRIES LTD. is - Active.",U51109WB1950PLC018728,Unlisted,Active,Kolkata,18728,Company limited by shares,Non-government company,Public,01-04-1950,"75 years, 1 months, 23 days",5110,Wholesale on a fee or contract basis. [Includes commission agents  commodity brokers and auctioneers and all other wholesalers who trade on behalf and on the account of others. Activities of self employed auctioneers are included in 74991.],Data not available,https://www.zaubacorp.com/ESSEL-MINING-AND-INDUSTRIES-LTD-U51109WB1950PLC018728,0,No Active Cases
G.R.SPONGE AND POWER LIMITED,Managing Director,G.R. Sponge And Power Limited,"G.R. House, Agarwal Complex, Samta Colony, Raipur 492001, Chhattisgarh;",Raipur,0771-4259100,0771-4259111,md@grgroupindia.com,http://www.grgroupindia.com/,Silico Manganese,Chhattisgarh,CRISIL BBB-/Stable,CRISIL,2018,322.2,9.3,1.27,Data Not Found,Data Not Found,https://www.crisil.com/mnt/winshare/Ratings/RatingList/RatingDocs/G_R_Sponge_and_Power_Limited_August_31_2018_RR.html,"G.R.SPONGE AND POWER LIMITED(CIN: U27100CT1996PLC011135) is a Public company incorporated on 20 Dec 1996. It is classified as Non-government company and is registered at Registrar of Companies, Chhattisgarh. Its authorized share capital is Rs. 154500000.00 and its paid up capital is Rs. 115544090.00.G.R.SPONGE AND POWER LIMITED's Annual General Meeting (AGM) was last held on 26 Dec 2023. and as per records from Ministry of Corporate Affairs (MCA), its balance sheet was last filed on 2023-03-31.G.R.SPONGE AND POWER LIMITED's NIC code is 271 (which is part of its CIN). As per the NIC code, it is inolved in Manufacture of Basic Iron & Steel.Directors of G.R.SPONGE AND POWER LIMITED are RANJEET SINGH THAKUR, ANUSHREE  AGRAWAL, KANHAIYA LAL JAIN, ANUSHREE  AGRAWAL, RAMESH KUMAR AGRAWAL, CHETAN KUMAR AGRAWAL, KESHAV KUMAR AGRAWAL, and CHHAYA  VERMA.G.R.SPONGE AND POWER LIMITED's Corporate Identification Number (CIN) is U27100CT1996PLC011135 and its registration number is 11135. Users may contact G.R.SPONGE AND POWER LIMITED on its Email address - cs@grgroupindia.com. Registered address of G.R.SPONGE AND POWER LIMITED is AGRAWAL COMPLEX, SAMTA COLONY,   , RAIPUR,, Chattisgarh, India - 492001.Current status of G.R.SPONGE AND POWER LIMITED is - Active.",U27100CT1996PLC011135,Unlisted,Active,Chhattisgarh,11135,Company limited by shares,Non-government company,Public,20-08-1996,"28 years, 6 months, 23 days",271,Manufacture of Basic Iron & Steel,Data not available,https://www.zaubacorp.com/company/G-R-SPONGE-AND-POWER-LIMITED/U27100CT1996PLC011135,0,No Active Cases
G.R. KRISHNA FERRO ALLOYS PRIVATE LIMITED,Managing Director,G.R.Krishna Ferro Alloys Private Limited,"D-101, Swarna Bhoomi, Vidhansabha Road, Amasioni, Raipur 492001, Chhattisgarh.",Raipur,0771-4259100,,"chetan@grgroupindia.com,admin@grgroupindia.com",,Silico Manganese,Chhattisgarh,Not Available,Not Available,Not Available,Not Available,Not Available,Not Available,Not Available,Not Available,Not Found,"G.R. KRISHNA FERRO ALLOYS PRIVATE LIMITED(CIN: U27100MH2008PTC417428) is a Private company incorporated on 22 Dec 2008. It is classified as Non-government company and is registered at Registrar of Companies, Mumbai. Its authorized share capital is Rs. 775000000.00 and its paid up capital is Rs. 774100000.00.G.R. KRISHNA FERRO ALLOYS PRIVATE LIMITED's Annual General Meeting (AGM) was last held on 28 Dec 2023. and as per records from Ministry of Corporate Affairs (MCA), its balance sheet was last filed on 2023-03-31.G.R. KRISHNA FERRO ALLOYS PRIVATE LIMITED's NIC code is 271 (which is part of its CIN). As per the NIC code, it is inolved in Manufacture of Basic Iron & Steel.Directors of G.R. KRISHNA FERRO ALLOYS PRIVATE LIMITED are CHETAN KUMAR AGRAWAL, KESHAV KUMAR AGRAWAL, ADITYA  AGRAWAL, and NEHA  SINGH.G.R. KRISHNA FERRO ALLOYS PRIVATE LIMITED's Corporate Identification Number (CIN) is U27100MH2008PTC417428 and its registration number is 417428. Users may contact G.R. KRISHNA FERRO ALLOYS PRIVATE LIMITED on its Email address - cs@prithviferro.com. Registered address of G.R. KRISHNA FERRO ALLOYS PRIVATE LIMITED is B-5, Mul Industrial Area, MIDC   , Mul, Maharashtra, India - 441224.Current status of G.R. KRISHNA FERRO ALLOYS PRIVATE LIMITED is - Active.",U27100MH2008PTC417428,Unlisted,Active,Mumbai,417428,Company limited by shares,Non-government company,Private,22-01-2008,"17 years, 1 months, 21 days",271,Manufacture of Basic Iron & Steel,Data not available,https://www.zaubacorp.com/company/G-R-KRISHNA-FERRO-ALLOYS-PRIVATE-LIMITED/U27100WB2008PTC121962,0,No Active Cases
GPT CASTINGS LIMITED,Director,Gpt Castings Limited,"GPT Centre JC-25, Sector 3, Salt Lake,Kolkata 700064,  West Bengal",Kolkata,033 4050 7000,,"info@gptgroup.co.in,sk@gptgroup.co.in",https://www.gptgroup.co.in/,Silicon Manganese,West Bengal,CARE BB-,CARE ,2021,614.91,20.48,1.63,14.8,Data Not Found,https://www.careratings.com/upload/CompanyFiles/PR/18012022061643_GPT_Infraprojects_Limited.pdf,"GPT CASTINGS LIMITED(CIN: U27310WB2005PLC103148) is a Public company incorporated on 16 Dec 2005. It is classified as Non-government company and is registered at Registrar of Companies, Kolkata. Its authorized share capital is Rs. 100000000.00 and its paid up capital is Rs. 94950000.00.GPT CASTINGS LIMITED's Annual General Meeting (AGM) was last held on 30 Dec 2023. and as per records from Ministry of Corporate Affairs (MCA), its balance sheet was last filed on 2023-03-31.GPT CASTINGS LIMITED's NIC code is 2731 (which is part of its CIN). As per the NIC code, it is inolved in Casting of iron and steel.Directors of GPT CASTINGS LIMITED are ATUL  TANTIA, SHREYAS  KEYAL, and TEJPAL  SINGH.GPT CASTINGS LIMITED's Corporate Identification Number (CIN) is U27310WB2005PLC103148 and its registration number is 103148. Users may contact GPT CASTINGS LIMITED on its Email address - asharma@gptgroup.co.in. Registered address of GPT CASTINGS LIMITED is GPT Centre, JC-25, Sector - III, Salt Lake,   , Kolkata, West Bengal, India - 700106.Current status of GPT CASTINGS LIMITED is - Active.",U27310WB2005PLC103148,Unlisted,Active,Kolkata,103148,Company limited by shares,Non-government company,Public,16-05-2005,"19 years, 9 months, 27 days",2731,Casting of iron and steel,Data not available,https://www.zaubacorp.com/GPT-CASTINGS-LIMITED-U27310WB2005PLC103148,0,No Active Cases
HIRA FERRO ALLOYS LIMITED,Managing Director,Hira Ferro Alloys Limited,"""Hira Arcade"" Near New Bus Stand, Pandri Raipur 493 001 (Chattisgarh State) India",Raipur,"091-0771- 4082 741, 3092 742",091-0771- 4057601,"ferroalloys@airtelmail.in,mnalloys@gmail.com",,Silico Manganese Ferro Manganese,Chhattisgarh,CRISIL A,CRISIL,2021,315,21,0.17,30,"60,500","https://www.crisil.com/mnt/winshare/Ratings/RatingList/RatingDocs/HiraFerroAlloysLimited_December%2009,%202021_RR_281933.html; https://www.careratings.com/upload/CompanyFiles/PR/03032022080157_HIRA_FERRO_ALLOYS_LIMITED.pdf; https://www.icra.in/Rating/GetRationalReportFilePdf?Id=133433; https://www.indiaratings.co.in/PressRelease?pressReleaseID=54622","HIRA FERRO ALLOYS LIMITED(CIN: U27101CT1984PLC005837) is a Public company incorporated on 31 Dec 1984. It is classified as Non-government company and is registered at Registrar of Companies, Chhattisgarh. Its authorized share capital is Rs. 1336000000.00 and its paid up capital is Rs. 1331885000.00.HIRA FERRO ALLOYS LIMITED's Annual General Meeting (AGM) was last held on 28 Dec 2023. and as per records from Ministry of Corporate Affairs (MCA), its balance sheet was last filed on 2023-03-31.HIRA FERRO ALLOYS LIMITED's NIC code is 271 (which is part of its CIN). As per the NIC code, it is inolved in Manufacture of Basic Iron & Steel.Directors of HIRA FERRO ALLOYS LIMITED are MOHIT  CHANDE, BHRIGU NATH  OJHA, DILIP  CHAUHAN, NARAYAN PRASAD AGRAWAL, YARRA CHANDRA RAO, MISSBHAVNA GOVINDBHAI DESAI, VINOD  PILLAI, AJAY  DUBEY, and DINESH KUMAR GANDHI.HIRA FERRO ALLOYS LIMITED's Corporate Identification Number (CIN) is U27101CT1984PLC005837 and its registration number is 5837. Users may contact HIRA FERRO ALLOYS LIMITED on its Email address - co.secretary@hiragroup.com. Registered address of HIRA FERRO ALLOYS LIMITED is PLOT NO. 567/B URLA INDUSTRIAL AREA   , RAIPUR, Chattisgarh, India - 493221.Current status of HIRA FERRO ALLOYS LIMITED is - Active.",U27101CT1984PLC005837,Unlisted,Active,Chhattisgarh,5837,Company limited by shares,Non-government company,Public,31-12-1984,"40 years, 2 months, 12 days",271,Manufacture of Basic Iron & Steel,Data not available,https://www.zaubacorp.com/company/HIRA-FERRO-ALLOYS-LIMITED/U27101CT1984PLC005837,0,No Active Cases
HIRA POWER AND STEELS LIMITED,Executive Director,Hira Power And Steels Limited,"Plot No.557, 563 & 564, Urla Industrial Complex Raipur 492 003 CG.",Raipur,"+91 771 408 2500 & 2600, 408 2504 & 2582",+91 771 4082501,vikasagrawal@hpslindia.com,http://www.hpslindia.com,High Carbon Ferro Manganese High Carbon Silico Manganese Medium Carbon Ferro Manganese Low Carbon Ferro Manganese,Chhattisgarh,CRISIL BBB+,CRISIL,2022,631.1,20.96,0.48,4.95,"76,000","https://www.crisil.com/mnt/winshare/Ratings/RatingList/RatingDocs/HiraPowerandSteelsLimited_April%2013,%202022_RR_290142.html; https://www.icra.in/Rating/ShowRationalReportFilePdf/133433; https://www.indiaratings.co.in/racbankwisefacility/75237; https://www.careratings.com/upload/CompanyFiles/PR/202402130250_Hira_Electro_Smelters_Limited.pdf","HIRA POWER AND STEELS LIMITED(CIN: U24117CT1984PLC002512) is a Public company incorporated on 27 Dec 1984. It is classified as Non-government company and is registered at Registrar of Companies, Chhattisgarh. Its authorized share capital is Rs. 55000000.00 and its paid up capital is Rs. 43991000.00.HIRA POWER AND STEELS LIMITED's Annual General Meeting (AGM) was last held on 30 Dec 2023. and as per records from Ministry of Corporate Affairs (MCA), its balance sheet was last filed on 2023-03-31.HIRA POWER AND STEELS LIMITED's NIC code is 2411 (which is part of its CIN). As per the NIC code, it is inolved in Manufacture of basic chemicals except fertilizers and nitrogen compounds.Directors of HIRA POWER AND STEELS LIMITED are UMESH KUMAR AGRAWAL, OMPRAKASH  GOYAL, DEVENDRA PRATAP SINGH, SHRUTI AVINASH BAJAJ, VIKAS  AGRAWAL, SUBHASH  MAHANDRU, and MANISH  AGARWAL.HIRA POWER AND STEELS LIMITED's Corporate Identification Number (CIN) is U24117CT1984PLC002512 and its registration number is 2512. Users may contact HIRA POWER AND STEELS LIMITED on its Email address - co.secretary@hiragroupindia.com. Registered address of HIRA POWER AND STEELS LIMITED is UNIT 2, KHASRA NO. 511/1, 512/2 URLA INDUSTRIAL AREA   , RAIPUR, Chattisgarh, India - 493221.Current status of HIRA POWER AND STEELS LIMITED is - Active.",U24117CT1984PLC002512,Unlisted,Active,Chhattisgarh,2512,Company limited by shares,Non-government company,Public,27-07-1984,"41 years, 1 months, 7 days",2411,Manufacture of basic chemicals except fertilizers and nitrogen compounds,Data not available,https://www.zaubacorp.com/HIRA-POWER-AND-STEELS-LIMITED-U24117CT1984PLC002512,0,No Active Cases
